{"NR2 2NN": [1.2772691, 52.6170091], "NR6 7LW": [1.2984, 52.66783], "IP1 1AX": [1.1507411, 52.0531612], "IP1 1BA": [1.15314, 52.05726], "CM1 1AH": [0.4722, 51.73617], "CM1 1AN": [0.4793152, 51.7383054], "CM1 1AP": [0.47138, 51.73824], "B46 1DS": [-1.70835, 52.52979]}